,gas_temp,dust_temp,Chem_1,Chem_2,Chem_3,Chem_4,Chem_5,Chem_6,Chem_7,Chem_8
0,0.008437285,0.026192408,0.8656167,0.28304493,0.12573685,0.51059353,0.6910453,0.017157258,0.25678584,0.07164946
0,0.008413314,0.026084293,0.8651341,0.28159788,0.12534297,0.5107832,0.6858976,0.017056702,0.2589893,0.0716788
0,0.008413314,0.026084296,0.8651341,0.28159785,0.12534298,0.5107832,0.68589747,0.0170567,0.25898933,0.07167879
0,0.008413314,0.026084296,0.8651341,0.28159785,0.12534298,0.5107832,0.68589747,0.0170567,0.25898933,0.07167879
0,0.008413314,0.026084296,0.8651341,0.28159785,0.12534298,0.5107832,0.68589747,0.0170567,0.25898933,0.07167879
0,0.008413314,0.026084296,0.8651341,0.28159785,0.12534298,0.5107832,0.68589747,0.0170567,0.25898933,0.07167879
0,0.008413314,0.026084296,0.8651341,0.28159785,0.12534298,0.5107832,0.68589747,0.0170567,0.25898933,0.07167879
0,0.008413314,0.026084296,0.8651341,0.28159785,0.12534298,0.5107832,0.68589747,0.0170567,0.25898933,0.07167879
