,gas_temp,dust_temp,Chem_1,Chem_2,Chem_3,Chem_4,Chem_5,Chem_6,Chem_7,Chem_8
0,0.53199947,0.2368259,0.738888,0.1757093,0.40901423,0.06155743,0.12458418,0.009897092,0.39934203,0.5951989
0,0.53197134,0.23682955,0.7389159,0.17569286,0.4090181,0.061554536,0.12457587,0.009895208,0.39927167,0.5951953
0,0.53197134,0.23682955,0.7389159,0.17569286,0.4090181,0.061554536,0.12457587,0.009895208,0.39927167,0.5951953
0,0.53197134,0.23682955,0.7389159,0.17569286,0.4090181,0.061554536,0.12457587,0.009895208,0.39927167,0.5951953
0,0.53197134,0.23682955,0.7389159,0.17569286,0.4090181,0.061554536,0.12457587,0.009895208,0.39927167,0.5951953
0,0.53197134,0.23682955,0.7389159,0.17569286,0.4090181,0.061554536,0.12457587,0.009895208,0.39927167,0.5951953
0,0.53197134,0.23682955,0.7389159,0.17569286,0.4090181,0.061554536,0.12457587,0.009895208,0.39927167,0.5951953
0,0.53197134,0.23682955,0.7389159,0.17569286,0.4090181,0.061554536,0.12457587,0.009895208,0.39927167,0.5951953
