,gas_temp,dust_temp,Chem_1,Chem_2,Chem_3,Chem_4,Chem_5,Chem_6,Chem_7,Chem_8
0,0.008413314,0.026084296,0.8651341,0.28159785,0.12534298,0.5107832,0.68589747,0.0170567,0.25898933,0.07167879
