,gas_temp,dust_temp,Chem_1,Chem_2,Chem_3,Chem_4,Chem_5,Chem_6,Chem_7,Chem_8
0,0.17554109,0.4735428,0.5878928,0.2564933,0.16716988,0.45136398,0.38547555,0.07431177,0.18236545,0.23509142
0,0.021423643,0.4687705,0.6343632,0.26109445,0.22768334,0.5374811,0.79777545,0.053243816,0.14263372,0.22497
0,0.021402055,0.46882617,0.63383967,0.26145297,0.22873138,0.5371942,0.7993987,0.053657714,0.13750301,0.22510329
0,0.02140205,0.46882617,0.63383967,0.26145297,0.2287314,0.5371942,0.7993987,0.053657725,0.13750307,0.22510329
0,0.02140205,0.46882617,0.63383967,0.26145297,0.2287314,0.5371942,0.7993987,0.053657718,0.13750306,0.22510329
0,0.021402048,0.46882623,0.63383967,0.26145297,0.2287314,0.5371942,0.7993987,0.053657725,0.13750307,0.22510329
0,0.02140205,0.46882617,0.63383967,0.26145297,0.2287314,0.5371942,0.7993987,0.053657725,0.13750307,0.22510329
0,0.02140205,0.46882617,0.63383967,0.26145297,0.2287314,0.5371942,0.7993987,0.053657718,0.13750306,0.22510329
