,gas_temp,dust_temp,Chem_1,Chem_2,Chem_3,Chem_4,Chem_5,Chem_6,Chem_7,Chem_8
0,0.15928008,0.06641197,0.47445208,0.07120446,0.09773684,0.13518113,0.06349058,0.022504043,0.37286183,0.47182247
0,0.15926886,0.06644464,0.47454786,0.0712129,0.097718164,0.13513584,0.06345132,0.022500899,0.37318504,0.47183678
0,0.15926887,0.06644471,0.47454798,0.07121294,0.09771815,0.13513578,0.06345128,0.022500893,0.37318537,0.47183678
0,0.15926887,0.06644471,0.47454798,0.07121294,0.09771815,0.13513578,0.06345128,0.022500893,0.37318537,0.47183678
0,0.15926887,0.06644471,0.47454798,0.07121294,0.09771815,0.13513578,0.06345128,0.022500893,0.37318537,0.47183678
0,0.15926887,0.06644471,0.47454798,0.07121294,0.09771815,0.13513578,0.06345128,0.022500893,0.37318537,0.47183678
0,0.15926887,0.06644471,0.47454798,0.07121294,0.09771815,0.13513578,0.06345128,0.022500893,0.37318537,0.47183678
0,0.15926887,0.06644471,0.47454798,0.07121294,0.09771815,0.13513578,0.06345128,0.022500893,0.37318537,0.47183678
